symbol,date,returns
bvfed,2014-02-01,0
bvfed,2014-03-01,-0.004111512234255876
bvfed,2014-04-01,-0.023159802638203608
bvfed,2014-05-01,0.014740748376456114
bvfed,2014-06-01,-0.001219016659894323
bvfed,2014-07-01,0.02430838079739628
bvfed,2014-08-01,0.0479594876377718
bvfed,2014-09-01,-0.028804244836081128
bvfed,2014-10-01,-0.003804878048780491
bvfed,2014-11-01,-0.03447262755851532
bvfed,2014-12-01,-0.009940156202454586
bvfed,2015-01-01,0.010142403442270354
bvfed,2015-02-01,-0.022008113590263667
bvfed,2015-03-01,0.07051747381520279
bvfed,2015-04-01,-0.08786205560399107
bvfed,2015-05-01,0.004141886151231899
bvfed,2015-06-01,0.020729772607086305
bvfed,2015-07-01,0.06413843125064767
bvfed,2015-08-01,0.023076923076922995
bvfed,2015-09-01,-0.07328447701532315
bvfed,2015-10-01,0.021669918866180637
bvfed,2015-11-01,0.01879774829111369
bvfed,2015-12-01,-0.009472126295017258
bvfed,2016-01-01,-0.0020918418169140196
bvfed,2016-02-01,-0.03274106608105409
bvfed,2016-03-01,0.03209494324045403
bvfed,2016-04-01,0.00619938006199372
bvfed,2016-05-01,0.018384179668091027
bvfed,2016-06-01,0.013856362217018026
bvfed,2016-07-01,0.044273339749759444
bvfed,2016-08-01,8.294930875576423e-4
bvfed,2016-09-01,0.05295146882770063
bvfed,2016-10-01,0.008658387266048617
bvfed,2016-11-01,-0.028353420619093073
bvfed,2016-12-01,-0.028377654827770882
bvfed,2017-01-01,0.03370683321087431
bvfed,2017-02-01,0.030297645490892977
bvfed,2017-03-01,0.01112452569851663
bvfed,2017-04-01,0.04477611940298498
bvfed,2017-05-01,-0.00457142857142856
bvfed,2017-06-01,0.038051500738067956
bvfed,2017-07-01,0.06659819876757789
bvfed,2017-08-01,-0.01473964891489521
bvfed,2017-09-01,0.012328973086753958
bvfed,2017-10-01,0.025174513589781622
bvfed,2017-11-01,0.038609199565374785
bvfed,2017-12-01,0.10461710140884373
bvfed,2018-01-01,0.06320242454855407
bvfed,2018-02-01,0.07749866381614101
bvfed,2018-03-01,0.01780202821869481
bvfed,2018-04-01,0.053717441923430975
bvfed,2018-05-01,-0.16270106377511695
bvfed,2018-06-01,-2.455042042595057e-4
bvfed,2018-07-01,-0.11025845662717171
bvfed,2018-08-01,0.04995515076243695
bvfed,2018-09-01,0.00933166852861933
bvfed,2018-10-01,0.04967771339279903
bvfed,2018-11-01,-0.08417069842451308
bvfed,2018-12-01,0.024720623095157546
bvfed,2019-01-01,-0.06596166556510241
bvfed,2019-02-01,0.006510048117746914
bvfed,2019-03-01,0.06692913385826782
bvfed,2019-04-01,-0.02299683711122824
bvfed,2019-05-01,-0.01800768867606395
bvfed,2019-06-01,-0.020947802197802234
bvfed,2019-07-01,0.0016134689582603112
bvfed,2019-08-01,0.011766353831068832
bvfed,2019-09-01,0.002976602519728644
bvfed,2019-10-01,0.03278349092414934
bvfed,2019-11-01,0.022186581128040617
bvfed,2019-12-01,-0.04864016736401677
bvfed,2020-01-01,-0.010101704233095088
bvfed,2020-02-01,-0.036237417563346086
bvfed,2020-03-01,-0.009436000864366467
bvfed,2020-04-01,-0.2362565445026178
bvfed,2020-05-01,0.14072169856231542
bvfed,2020-06-01,0.12953843585677327
bvfed,2020-07-01,-0.04293209192344638
bvfed,2020-08-01,0.004786905497220495
bvfed,2020-09-01,0.05417242969110192
bvfed,2020-10-01,0.025439171951308515
bvfed,2020-11-01,0.03717657094114313
bvfed,2020-12-01,0.056061956000274193
bvfed,2021-01-01,0.10007138685183992
bvfed,2021-02-01,0.012506636776591362
bvfed,2021-03-01,0.054943774398415135
bvfed,2021-04-01,0.04131227217496969
bvfed,2021-05-01,0.057388352604221815
bvfed,2021-06-01,0.09415128410914919
bvfed,2021-07-01,0.0217760051345528
bvfed,2021-08-01,-0.025394831299353937
bvfed,2021-09-01,-0.020808397016849223
bvfed,2021-10-01,0.02472966619652084
bvfed,2021-11-01,0.05923105156909525
bvfed,2021-12-01,0.01399055745657729
bvfed,2022-01-01,0.0071764203331909915
bvfed,2022-02-01,0.028585969972007907
bvfed,2022-03-01,-0.039831766452251394
bvfed,2022-04-01,0.03933694065103488
bvfed,2022-05-01,-0.10503264193041895
bvfed,2022-06-01,-0.050646352723915045
bvfed,2022-07-01,-0.0835481204104459
bvfed,2022-08-01,0.055611568055186966
bvfed,2022-09-01,-0.01020459458100842
bvfed,2022-10-01,-0.1327577450482479
bvfed,2022-11-01,-0.07782853127196065
bvfed,2022-12-01,0.04184924112529376
bvfed,2023-01-01,0.03193953431671348
bvfed,2023-02-01,0.04760779681039584
bvpf,2017-01-01,0
bvpf,2017-02-01,0.0037992401519695296
bvpf,2017-03-01,-4.980079681274896e-4
bvpf,2017-04-01,0.006078724464374741
bvpf,2017-05-01,3.961965134706702e-4
bvpf,2017-06-01,0.008613861386138622
bvpf,2017-07-01,0.008540296456267749
bvpf,2017-08-01,-8.759976640062561e-4
bvpf,2017-09-01,0.001071602532878746
bvpf,2017-10-01,0.0036979369404437357
bvpf,2017-11-01,-0.021330230754314505
bvpf,2017-12-01,0.11333465425004952
bvpf,2018-01-01,0.03390282968499725
bvpf,2018-02-01,0.034770634305878234
bvpf,2018-03-01,0.025617566331198605
bvpf,2018-04-01,0.026275241261860316
bvpf,2018-05-01,-0.08810746740418807
bvpf,2018-06-01,-0.01109185441941074
bvpf,2018-07-01,-0.0781633368384157
bvpf,2018-08-01,0.05674904942965786
bvpf,2018-09-01,0.034721597553296846
bvpf,2018-10-01,-8.693384334521603e-4
bvpf,2018-11-01,-0.0677803880622988
bvpf,2018-12-01,0.012880343475826006
bvpf,2019-01-01,-0.04330998894213045
bvpf,2019-02-01,0.04921980350606825
bvpf,2019-03-01,0.04342238134581833
bvpf,2019-04-01,6.158718986450928e-4
bvpf,2019-05-01,-0.010903015914886183
bvpf,2019-06-01,-0.00871188550093338
bvpf,2019-07-01,0.013362030311182771
bvpf,2019-08-01,0.006194690265486802
bvpf,2019-09-01,-0.0010554089709762238
bvpf,2019-10-01,5.282620179609676e-4
bvpf,2019-11-01,0.02199929602252726
bvpf,2019-12-01,-0.013001549853624894
bvpf,2020-01-01,0.004274622699118824
bvpf,2020-02-01,-0.046733842946490634
bvpf,2020-03-01,0.002278111900856583
bvpf,2020-04-01,-0.15365033184834986
bvpf,2020-05-01,0.08421957245676226
bvpf,2020-06-01,0.08025364113742195
bvpf,2020-07-01,-0.020086214803265112
bvpf,2020-08-01,-0.008143017596405788
bvpf,2020-09-01,0.07143531188072094
bvpf,2020-10-01,0.021754447771710428
bvpf,2020-11-01,0.03353159210412904
bvpf,2020-12-01,0.047706422018348515
bvpf,2021-01-01,0.06559465053335467
bvpf,2021-02-01,-0.027416704019124438
bvpf,2021-03-01,0.08710346416775483
bvpf,2021-04-01,0.01582703313785072
bvpf,2021-05-01,0.01641510746330943
bvpf,2021-06-01,0.0687059467597344
bvpf,2021-07-01,0.027021835179611875
bvpf,2021-08-01,-0.01727040339173269
bvpf,2021-09-01,0.016368481157213566
bvpf,2021-10-01,0.014856429463171006
bvpf,2021-11-01,0.05062123262393903
bvpf,2021-12-01,0.004215209882325377
bvpf,2022-01-01,0.010143998134437116
bvpf,2022-02-01,0.012927800542505974
bvpf,2022-03-01,0.0043872144037375715
bvpf,2022-04-01,0.01367143181302466
bvpf,2022-05-01,-0.05059040796910852
bvpf,2022-06-01,-0.017565576186265863
bvpf,2022-07-01,-0.045719085618287636
bvpf,2022-08-01,0.014712354605469935
bvpf,2022-09-01,0.019208129376045546
bvpf,2022-10-01,-0.09325794881147786
bvpf,2022-11-01,-0.011867247737177289
bvpf,2022-12-01,0.006717329352693646
bvpf,2023-01-01,0.0031677562849632412
bvpf,2023-02-01,0.0524052674012363
dcbc,2014-01-01,0
dcbc,2014-02-01,0.11245122383824047
dcbc,2014-03-01,0.023278061224489832
dcbc,2014-04-01,0.0484055261244416
dcbc,2014-05-01,-0.01456454968790255
dcbc,2014-06-01,-0.06314096119042834
dcbc,2014-07-01,0.04142519854045923
dcbc,2014-08-01,0.052246496290189626
dcbc,2014-09-01,0.06747625110175304
dcbc,2014-10-01,-0.014311926605504621
dcbc,2014-11-01,-0.03778853313477293
dcbc,2014-12-01,-0.07477268330431419
dcbc,2015-01-01,-0.05729221118661787
dcbc,2015-02-01,0.009093933680825117
dcbc,2015-03-01,0.049785690735245636
dcbc,2015-04-01,-0.057160804020100486
dcbc,2015-05-01,0.010881634465911505
dcbc,2015-06-01,0.04778119507908607
dcbc,2015-07-01,0.09833315861201375
dcbc,2015-08-01,-0.009353822659158184
dcbc,2015-09-01,-0.04364582329704214
dcbc,2015-10-01,0.01873866612935715
dcbc,2015-11-01,0.06882911392405067
dcbc,2015-12-01,-0.025629163582531422
dcbc,2016-01-01,0.02184028107492164
dcbc,2016-02-01,-0.05166806058916462
dcbc,2016-03-01,0.047721705046545715
dcbc,2016-04-01,7.482229704451893e-4
dcbc,2016-05-01,0.04327102803738314
dcbc,2016-06-01,0.028218220908357905
dcbc,2016-07-01,0.06203171284195852
dcbc,2016-08-01,0.01780147662018039
dcbc,2016-09-01,0.049004594180704464
dcbc,2016-10-01,0.010295812524010683
dcbc,2016-11-01,-0.03163738687352646
dcbc,2016-12-01,-0.0033770517552815793
dcbc,2017-01-01,-0.013081166272655653
dcbc,2017-02-01,0.028345576493133073
dcbc,2017-03-01,0.02251727618603927
dcbc,2017-04-01,0.03811982686612492
dcbc,2017-05-01,-0.009216589861751112
dcbc,2017-06-01,0.042229605020302596
dcbc,2017-07-01,0.05454416660763628
dcbc,2017-08-01,-0.003963189359844188
dcbc,2017-09-01,0.017534394388993846
dcbc,2017-10-01,0.027372746553552485
dcbc,2017-11-01,0.012644345526095169
dcbc,2017-12-01,0.13117156144486208
dcbc,2018-01-01,0.03125703987384543
dcbc,2018-02-01,0.08797990279067225
dcbc,2018-03-01,0.027155908041361254
dcbc,2018-04-01,0.062454185603284085
dcbc,2018-05-01,-0.0907961915275286
dcbc,2018-06-01,-0.05276470885819806
dcbc,2018-07-01,-0.06254005554368725
dcbc,2018-08-01,-0.012020737195920894
dcbc,2018-09-01,0.03915350017299035
dcbc,2018-10-01,0.026635591809555548
dcbc,2018-11-01,-0.10896708286038592
dcbc,2018-12-01,-0.0062481043372762946
dcbc,2019-01-01,-0.012818947625442556
dcbc,2019-02-01,-0.005998021271333198
dcbc,2019-03-01,0.056360808709175814
dcbc,2019-04-01,2.9444673458578485e-4
dcbc,2019-05-01,-0.0012951842693983417
dcbc,2019-06-01,-0.019099269040320666
dcbc,2019-07-01,0.012439903846153788
dcbc,2019-08-01,0.04202528640113967
dcbc,2019-09-01,0.003019082882369739
dcbc,2019-10-01,0.031122217174011757
dcbc,2019-11-01,0.007270323859881023
dcbc,2019-12-01,-0.04598643919510059
dcbc,2020-01-01,0.0049865306356393635
dcbc,2020-02-01,-0.02634880803011297
dcbc,2020-03-01,-0.03368088097469546
dcbc,2020-04-01,-0.2641692428926471
dcbc,2020-05-01,0.14498723123815793
dcbc,2020-06-01,0.1504424778761062
dcbc,2020-07-01,-0.03996247654784235
dcbc,2020-08-01,-0.056998241156927865
dcbc,2020-09-01,0.14074103241084224
dcbc,2020-10-01,0.03788016876001832
dcbc,2020-11-01,5.239536680259338e-4
dcbc,2020-12-01,0.11213792942576051
dcbc,2021-01-01,0.08333302745606774
dcbc,2021-02-01,-0.04626075626111448
dcbc,2021-03-01,0.155775563823346
dcbc,2021-04-01,0.015488000224820109
dcbc,2021-05-01,0.05884812561185271
dcbc,2021-06-01,0.1289612670664091
dcbc,2021-07-01,0.04932473297508144
dcbc,2021-08-01,-0.06240899363506991
dcbc,2021-09-01,0.002266665784266264
dcbc,2021-10-01,0.01594266217513529
dcbc,2021-11-01,0.06652406463453953
dcbc,2021-12-01,0.031232860572918852
dcbc,2022-01-01,-0.005852653129431062
dcbc,2022-02-01,-0.04525184089781775
dcbc,2022-03-01,0.030554322850749882
dcbc,2022-04-01,0.019006534429688138
dcbc,2022-05-01,-0.09838778845602769
dcbc,2022-06-01,-0.07039981880384971
dcbc,2022-07-01,-0.07125170209714093
dcbc,2022-08-01,-0.005369933450229847
dcbc,2022-09-01,0.0642685245333956
dcbc,2022-10-01,-0.12570841091310547
dcbc,2022-11-01,-0.06853483708677333
dcbc,2022-12-01,0.023026638708588232
dcbc,2023-01-01,-0.016228387299214275
dcbc,2023-02-01,0.1014150724849725
dcds,2004-05-01,0
dcds,2004-06-01,0.009899856789616024
dcds,2004-07-01,-0.005842145258304288
dcds,2004-08-01,-0.0018929252840585997
dcds,2004-09-01,0.003492931713249936
dcds,2004-10-01,0.00586725718661385
dcds,2004-11-01,-0.006031068360681013
dcds,2004-12-01,-0.004275826379455339
dcds,2005-01-01,0.01098688356320121
dcds,2005-02-01,0.00988046538945464
dcds,2005-03-01,0.016338991764964783
dcds,2005-04-01,0.013669693524394289
dcds,2005-05-01,-0.021841898844412566
dcds,2005-06-01,0.027086756168680726
dcds,2005-07-01,0.0027406456562795167
dcds,2005-08-01,0.011596106143038742
dcds,2005-09-01,0.024322359045432895
dcds,2005-10-01,0.06941367754394934
dcds,2005-11-01,0.05997423989430395
dcds,2005-12-01,0.028812333683152724
dcds,2006-01-01,0.030268088084389078
dcds,2006-02-01,0.0392966781011137
dcds,2006-03-01,0.16028014134998902
dcds,2006-04-01,0.2242872792644104
dcds,2006-05-01,0.2588987087426049
dcds,2006-06-01,0.01727354151160032
dcds,2006-07-01,0.017781611728137525
dcds,2006-08-01,-0.08219881584144983
dcds,2006-09-01,0.05016049305608217
dcds,2006-10-01,-0.07797515151289869
dcds,2006-11-01,0
dcds,2006-12-01,0.15222472103986084
dcds,2007-01-01,0.33697132674712393
dcds,2007-02-01,0.28474935556049896
dcds,2007-03-01,0.1575874433354847
dcds,2007-04-01,-0.1266836366854065
dcds,2007-05-01,-0.06043639568699222
dcds,2007-06-01,0.04658817618386757
dcds,2007-07-01,-0.11387403627115611
dcds,2007-08-01,-0.016990688557074307
dcds,2007-09-01,-0.01671565772640038
dcds,2007-10-01,0.12937786144228314
dcds,2007-11-01,0.04478503435286374
dcds,2007-12-01,-0.046272095518365086
dcds,2008-01-01,-0.04228359986710273
dcds,2008-02-01,-0.029961605004667824
dcds,2008-03-01,-0.16097011785681248
dcds,2008-04-01,-0.11202663315768435
dcds,2008-05-01,-0.09077371073549667
dcds,2008-06-01,-0.15333547917910306
dcds,2008-07-01,0.02155925757890098
dcds,2008-08-01,0.01376861210604563
dcds,2008-09-01,0.14881148579232106
dcds,2008-10-01,-0.09430449667188212
dcds,2008-11-01,-0.09498454920820643
dcds,2008-12-01,-0.03822617636538328
dcds,2009-01-01,0.010095135654144993
dcds,2009-02-01,-0.04193707333302443
dcds,2009-03-01,-0.031079763207784716
dcds,2009-04-01,0.05634761283197598
dcds,2009-05-01,0.100928400515369
dcds,2009-06-01,0.08635963199352292
dcds,2009-07-01,0.004974332183284913
dcds,2009-08-01,0.09486019854379446
dcds,2009-09-01,0.09964458969019185
dcds,2009-10-01,0.06137845333030323
dcds,2009-11-01,-0.028912701855637768
dcds,2009-12-01,-0.04457145113693117
dcds,2010-01-01,0.05157870445316237
dcds,2010-02-01,-0.016436270913307238
dcds,2010-03-01,0.004936563378968417
dcds,2010-04-01,0.0033550961565305126
dcds,2010-05-01,-0.0021384828661284994
dcds,2010-06-01,0.005337805914365168
dcds,2010-07-01,2.4691358024697685e-4
dcds,2010-08-01,-0.01686826298033406
dcds,2010-09-01,-0.0719367258118514
dcds,2010-10-01,-0.018352347026198368
dcds,2010-11-01,-0.006936150666054242
dcds,2010-12-01,-0.01785466487811649
dcds,2011-01-01,-0.009748975651109104
dcds,2011-02-01,0.033149434034053016
dcds,2011-03-01,-0.14381070754499836
dcds,2011-04-01,0.02435614818000964
dcds,2011-05-01,-0.05490237245433549
dcds,2011-06-01,-0.05353770965233806
dcds,2011-07-01,-0.04535852599460155
dcds,2011-08-01,-0.056733665252934995
dcds,2011-09-01,0.07845692688648498
dcds,2011-10-01,-0.04362537764350449
dcds,2011-11-01,-0.06027293404094014
dcds,2011-12-01,-0.08585451122764554
dcds,2012-01-01,-0.07222181363536073
dcds,2012-02-01,0.10891795481569555
dcds,2012-03-01,0.08256487239974275
dcds,2012-04-01,0.00488642366613834
dcds,2012-05-01,0.09055066368773823
dcds,2012-06-01,-0.04711978790069893
dcds,2012-07-01,-0.03534842544580752
dcds,2012-08-01,0.005309734513274433
dcds,2012-09-01,-0.03155972874282731
dcds,2012-10-01,-0.03386749259359012
dcds,2012-11-01,0.019931702557669517
dcds,2012-12-01,-0.011479330372394903
dcds,2013-01-01,0.058132301099053096
dcds,2013-02-01,0.12196237261562581
dcds,2013-03-01,-0.03639010189228531
dcds,2013-04-01,0.061510574018126984
dcds,2013-05-01,-0.034096083788706766
dcds,2013-06-01,0.10395426955035658
dcds,2013-07-01,-0.03704692254310571
dcds,2013-08-01,0.011142524530184605
dcds,2013-09-01,0.005153508771929882
dcds,2013-10-01,0.020290171266499346
dcds,2013-11-01,0.012509996792472888
dcds,2013-12-01,0.020830398629103408
dcds,2014-01-01,-0.014702703038189657
dcds,2014-02-01,0.10304105926057727
dcds,2014-03-01,0.03255520450687488
dcds,2014-04-01,0.02458460307540289
dcds,2014-05-01,-0.014082662115611266
dcds,2014-06-01,-0.06995505727068096
dcds,2014-07-01,0.048721033024241134
dcds,2014-08-01,0.04145316796997989
dcds,2014-09-01,0.06651407773483498
dcds,2014-10-01,-0.013512635930963635
dcds,2014-11-01,-0.014093181882413486
dcds,2014-12-01,-0.06458765694754776
dcds,2015-01-01,-0.04258482755811255
dcds,2015-02-01,0.026113835415484177
dcds,2015-03-01,0.017443972664512586
dcds,2015-04-01,-0.053678534560491764
dcds,2015-05-01,-4.873398331555201e-4
dcds,2015-06-01,0.05272172312749546
dcds,2015-07-01,0.03908432394519479
dcds,2015-08-01,0.03563170027528484
dcds,2015-09-01,-0.03553125728015394
dcds,2015-10-01,0.020042609142233436
dcds,2015-11-01,0.05319769612990233
dcds,2015-12-01,-0.03063751612780774
dcds,2016-01-01,0.015485768851253523
dcds,2016-02-01,-0.04585606304271095
dcds,2016-03-01,0.04766195917011373
dcds,2016-04-01,0.007793035824733785
dcds,2016-05-01,0.044997989302077546
dcds,2016-06-01,0.034456982510263634
dcds,2016-07-01,0.05733820986926519
dcds,2016-08-01,0.018565748371122126
dcds,2016-09-01,0.056085025048280945
dcds,2016-10-01,0.0010465708638640603
dcds,2016-11-01,-0.02264914704276033
dcds,2016-12-01,-0.0030688877170357287
dcds,2017-01-01,-0.01269953404057389
dcds,2017-02-01,0.026889313092361755
dcds,2017-03-01,0.02016775003355975
dcds,2017-04-01,0.031924522571118
dcds,2017-05-01,-0.006308993791571571
dcds,2017-06-01,0.03848859737491894
dcds,2017-07-01,0.04377351649990202
dcds,2017-08-01,-0.005356340833532647
dcds,2017-09-01,0.01606303811594878
dcds,2017-10-01,0.033009942176762674
dcds,2017-11-01,0.02408631829432628
dcds,2017-12-01,0.12406970127129635
dcds,2018-01-01,0.035074948206524015
dcds,2018-02-01,0.09395456868091756
dcds,2018-03-01,0.02533346517452917
dcds,2018-04-01,0.055312650889064674
dcds,2018-05-01,-0.08423773295191406
dcds,2018-06-01,-0.050262873163947286
dcds,2018-07-01,-0.05483954741148245
dcds,2018-08-01,-0.010753417302366786
dcds,2018-09-01,0.02909150258679194
dcds,2018-10-01,0.0238364283787309
dcds,2018-11-01,-0.10186131648571628
dcds,2018-12-01,-0.0024753518372335748
dcds,2019-01-01,-0.005439716490107438
dcds,2019-02-01,3.3765169219424074e-4
dcds,2019-03-01,0.04817808316560468
dcds,2019-04-01,0.0023911003539927034
dcds,2019-05-01,-0.003283051572290807
dcds,2019-06-01,-0.017625665256934653
dcds,2019-07-01,0.013353673187182835
dcds,2019-08-01,0.04277406104373882
dcds,2019-09-01,0.012565427254228156
dcds,2019-10-01,0.027283440800632386
dcds,2019-11-01,0.008222135681171139
dcds,2019-12-01,-0.040452559249324116
dcds,2020-01-01,0.0106900768129925
dcds,2020-02-01,-0.019523819924117114
dcds,2020-03-01,-0.01811377650164747
dcds,2020-04-01,-0.2232933643297036
dcds,2020-05-01,0.12803421222459277
dcds,2020-06-01,0.12534381402417916
dcds,2020-07-01,-0.03967521258363804
dcds,2020-08-01,-0.040448851985291245
dcds,2020-09-01,0.12082645258780556
dcds,2020-10-01,0.03239210454185337
dcds,2020-11-01,0.012596621051508494
dcds,2020-12-01,0.11950086116629666
dcds,2021-01-01,0.09136999597466389
dcds,2021-02-01,-0.03376392629918701
dcds,2021-03-01,0.1353905335849208
dcds,2021-04-01,0.016960031498043593
dcds,2021-05-01,0.04080455358370916
dcds,2021-06-01,0.1272260409513053
dcds,2021-07-01,0.04815734910290037
dcds,2021-08-01,-0.03063741805575959
dcds,2021-09-01,0.04728062051144888
dcds,2021-10-01,0.01845005573486591
dcds,2021-11-01,0.07531420351302254
dcds,2021-12-01,0.016586178244754946
dcds,2022-01-01,-0.007366346574448013
dcds,2022-02-01,-0.04215668236796555
dcds,2022-03-01,0.033055955080674604
dcds,2022-04-01,0.016345891793778655
dcds,2022-05-01,-0.11705297925207803
dcds,2022-06-01,-0.07519579924232644
dcds,2022-07-01,-0.060948597161421536
dcds,2022-08-01,-0.012399293714461579
dcds,2022-09-01,0.06666540720215308
dcds,2022-10-01,-0.12294516302099845
dcds,2022-11-01,-0.06351261490248905
dcds,2022-12-01,0.007626246010742799
dcds,2023-01-01,-0.02413125950705719
dcds,2023-02-01,0.0893490770576697
dfvncaf,2019-01-01,0
dfvncaf,2019-02-01,0.014644000000000101
dfvncaf,2019-03-01,0.0645852141243628
dfvncaf,2019-04-01,-0.016045548175064206
dfvncaf,2019-05-01,-0.028683446191017925
dfvncaf,2019-06-01,-0.007148689842757849
dfvncaf,2019-07-01,0.018494073525552324
dfvncaf,2019-08-01,0.007707391183150669
dfvncaf,2019-09-01,0.01322554917921348
dfvncaf,2019-10-01,0.007896672458372889
dfvncaf,2019-11-01,0.03523846491093341
dfvncaf,2019-12-01,-0.07083295119613442
dfvncaf,2020-01-01,0.0022343979221743915
dfvncaf,2020-02-01,-0.025376147657084958
dfvncaf,2020-03-01,-0.025185874986997425
dfvncaf,2020-04-01,-0.1638021447328839
dfvncaf,2020-05-01,0.025094432263992106
dfvncaf,2020-06-01,0.15006520759727793
dfvncaf,2020-07-01,-0.02611351767051462
dfvncaf,2020-08-01,-0.05226722049151955
dfvncaf,2020-09-01,0.09307336098806451
dfvncaf,2020-10-01,0.056585708782545874
dfvncaf,2020-11-01,0.01826727335148215
dfvncaf,2020-12-01,0.10932507949291703
dfvncaf,2021-01-01,0.09870765858899788
dfvncaf,2021-02-01,-0.07195816505354435
dfvncaf,2021-03-01,0.1495478944703661
dfvncaf,2021-04-01,0.03150847422963543
dfvncaf,2021-05-01,-0.0036120178724428076
dfvncaf,2021-06-01,0.1160632749378343
dfvncaf,2021-07-01,0.0368889072842411
dfvncaf,2021-08-01,-0.058931684738853574
dfvncaf,2021-09-01,0.004776124467670062
dfvncaf,2021-10-01,0.008027365783548124
dfvncaf,2021-11-01,0.05388336910223801
dfvncaf,2021-12-01,0.01066805239266988
dfvncaf,2022-01-01,-0.0067615346227712925
dfvncaf,2022-02-01,-0.001173570962675341
dfvncaf,2022-03-01,0.0024413592102776605
dfvncaf,2022-04-01,0.021225930219685774
dfvncaf,2022-05-01,-0.15663522478946923
dfvncaf,2022-06-01,0.03986129796572713
dfvncaf,2022-07-01,-0.06212867454299975
dfvncaf,2022-08-01,0.027394948977079503
dfvncaf,2022-09-01,0.044168965004415695
dfvncaf,2022-10-01,-0.14875611311928572
dfvncaf,2022-11-01,-0.014263273043309987
dfvncaf,2022-12-01,0.044171592587467945
dfvncaf,2023-01-01,-0.052502594389954305
dfvncaf,2023-02-01,0.06515373888579457
e1vfvn30,2014-10-01,0
e1vfvn30,2014-11-01,-0.01941747572815533
e1vfvn30,2014-12-01,-0.03960396039603964
e1vfvn30,2015-01-01,-0.030927835051546393
e1vfvn30,2015-02-01,-0.010638297872340385
e1vfvn30,2015-03-01,0.021505376344086002
e1vfvn30,2015-04-01,-0.06315789473684208
e1vfvn30,2015-05-01,0.011235955056179803
e1vfvn30,2015-06-01,0.011111111111111072
e1vfvn30,2015-07-01,0.05494505494505497
e1vfvn30,2015-08-01,0.05208333333333326
e1vfvn30,2015-09-01,-0.07920792079207917
e1vfvn30,2015-10-01,0
e1vfvn30,2015-11-01,0.043010752688172005
e1vfvn30,2015-12-01,-0.030927835051546393
e1vfvn30,2016-01-01,0
e1vfvn30,2016-02-01,-0.04255319148936165
e1vfvn30,2016-03-01,0.022222222222222143
e1vfvn30,2016-04-01,-0.010869565217391353
e1vfvn30,2016-05-01,0.04395604395604402
e1vfvn30,2016-06-01,0.03157894736842115
e1vfvn30,2016-07-01,0.030612244897959107
e1vfvn30,2016-08-01,0.00990099009900991
e1vfvn30,2016-09-01,0.03921568627450989
e1vfvn30,2016-10-01,0.018867924528301883
e1vfvn30,2016-11-01,-0.03703703703703709
e1vfvn30,2016-12-01,-0.013461538461538414
e1vfvn30,2017-01-01,-0.006822612085769952
e1vfvn30,2017-02-01,0.03238469087340534
e1vfvn30,2017-03-01,0.017110266159695797
e1vfvn30,2017-04-01,0.059813084112149584
e1vfvn30,2017-05-01,-0.014109347442680775
e1vfvn30,2017-06-01,0.05456171735241511
e1vfvn30,2017-07-01,0.07124681933842236
e1vfvn30,2017-08-01,-0.0150435471100554
e1vfvn30,2017-09-01,0.020096463022508004
e1vfvn30,2017-10-01,0.02127659574468077
e1vfvn30,2017-11-01,0.060956790123456894
e1vfvn30,2017-12-01,0.1439999999999999
e1vfvn30,2018-01-01,0.04322949777495233
e1vfvn30,2018-02-01,0.08470444850700787
e1vfvn30,2018-03-01,0.0196629213483146
e1vfvn30,2018-04-01,0.052341597796143224
e1vfvn30,2018-05-01,-0.1413612565445026
e1vfvn30,2018-06-01,-0.02195121951219514
e1vfvn30,2018-07-01,-0.04426433915211969
e1vfvn30,2018-08-01,0.014350945857795283
e1vfvn30,2018-09-01,0.016077170418006492
e1vfvn30,2018-10-01,0.04113924050632911
e1vfvn30,2018-11-01,-0.11428571428571432
e1vfvn30,2018-12-01,0.04186684969114629
e1vfvn30,2019-01-01,-0.07114624505928857
e1vfvn30,2019-02-01,0.007092198581560183
e1vfvn30,2019-03-01,0.07042253521126751
e1vfvn30,2019-04-01,-0.017105263157894735
e1vfvn30,2019-05-01,-0.014725568942436373
e1vfvn30,2019-06-01,-0.04211956521739135
e1vfvn30,2019-07-01,0.03191489361702127
e1vfvn30,2019-08-01,0.008934707903780037
e1vfvn30,2019-09-01,0.006811989100817373
e1vfvn30,2019-10-01,0.048714479025710355
e1vfvn30,2019-11-01,0
e1vfvn30,2019-12-01,-0.05483870967741933
e1vfvn30,2020-01-01,0.00887372013651877
e1vfvn30,2020-02-01,-0.05480378890392423
e1vfvn30,2020-03-01,0.0014316392269149159
e1vfvn30,2020-04-01,-0.2580414581844175
e1vfvn30,2020-05-01,0.1464354527938343
e1vfvn30,2020-06-01,0.1504201680672268
e1vfvn30,2020-07-01,-0.028487947406866332
e1vfvn30,2020-08-01,-0.05112781954887213
e1vfvn30,2020-09-01,0.1077654516640254
e1vfvn30,2020-10-01,0.04077253218884125
e1vfvn30,2020-11-01,0.0281786941580755
e1vfvn30,2020-12-01,0.09090909090909083
e1vfvn30,2021-01-01,0.12316176470588225
e1vfvn30,2021-02-01,-0.0556464811783961
e1vfvn30,2021-03-01,0.1571346042749855
e1vfvn30,2021-04-01,0.02845731402895657
e1vfvn30,2021-05-01,0.07766990291262132
e1vfvn30,2021-06-01,0.12477477477477472
e1vfvn30,2021-07-01,0.036844213055666764
e1vfvn30,2021-08-01,-0.04596369254538435
e1vfvn30,2021-09-01,-0.02631578947368418
e1vfvn30,2021-10-01,0.021621621621621623
e1vfvn30,2021-11-01,0.045584045584045496
e1vfvn30,2021-12-01,0.01985208252238224
e1vfvn30,2022-01-01,0
e1vfvn30,2022-02-01,-0.011068702290076282
e1vfvn30,2022-03-01,-0.011964492473948263
e1vfvn30,2022-04-01,0.010937500000000044
e1vfvn30,2022-05-01,-0.09196290571870169
e1vfvn30,2022-06-01,-0.036170212765957444
e1vfvn30,2022-07-01,-0.05960264900662249
e1vfvn30,2022-08-01,-0.009389671361502372
e1vfvn30,2022-09-01,0.04549763033175358
e1vfvn30,2022-10-01,-0.1477787851314597
e1vfvn30,2022-11-01,-0.06808510638297871
e1vfvn30,2022-12-01,0.033105022831050324
e1vfvn30,2023-01-01,-0.02209944751381221
e1vfvn30,2023-02-01,0.04632768361581929
enf,2014-03-01,0
enf,2014-04-01,-2.9994001199762366e-4
enf,2014-05-01,-0.02030203020302035
enf,2014-06-01,-0.01908942425479787
enf,2014-07-01,0.043917160994900506
enf,2014-08-01,0.022330774598743997
enf,2014-09-01,0.04729400292540231
enf,2014-10-01,0.03296089385474854
enf,2014-11-01,-0.008833603749774599
enf,2014-12-01,-0.009730811204074263
enf,2015-01-01,-0.026081366516668147
enf,2015-02-01,-0.03130598774163129
enf,2015-03-01,0.06599824783412833
enf,2015-04-01,-0.02903844397771893
enf,2015-05-01,-0.0035737797423116557
enf,2015-06-01,0.038791882963662205
enf,2015-07-01,0.03797928402689443
enf,2015-08-01,0.015493697478991653
enf,2015-09-01,-0.03396258943194552
enf,2015-10-01,0.033461229588650054
enf,2015-11-01,0.056207908824037256
enf,2015-12-01,-0.016676203711272763
enf,2016-01-01,-0.01454817524316232
enf,2016-02-01,-0.011304201113548129
enf,2016-03-01,0.050426621160409635
enf,2016-04-01,0.015352124116643662
enf,2016-05-01,0.014960000000000084
enf,2016-06-01,0.019153464175928114
enf,2016-07-01,0.09713843774168596
enf,2016-08-01,-0.038911602988862204
enf,2016-09-01,0.06065718057796676
enf,2016-10-01,0.020607150266233276
enf,2016-11-01,-0.03923030015583706
enf,2016-12-01,-0.011636107193229939
enf,2017-01-01,0.016125579735997153
enf,2017-02-01,0.021978793624043202
enf,2017-03-01,0.02013192249553386
enf,2017-04-01,0.04775375496733347
enf,2017-05-01,0.01600668552327078
enf,2017-06-01,0.05302119582410625
enf,2017-07-01,0.043381601874662
enf,2017-08-01,0.00495249064209613
enf,2017-09-01,-0.004183141367256837
enf,2017-10-01,0.009667395557601655
enf,2017-11-01,-0.006269235153311348
enf,2017-12-01,0.09732736866253733
enf,2018-01-01,0.049025244342235874
enf,2018-02-01,0.05081959045388862
enf,2018-03-01,0.037788630221421426
enf,2018-04-01,0.01795504385964919
enf,2018-05-01,-0.09407118172433915
enf,2018-06-01,0.006489967797869811
enf,2018-07-01,-0.15495176215790507
enf,2018-08-01,0.07682898415657036
enf,2018-09-01,0.01611943527884452
enf,2018-10-01,0.0543518764972053
enf,2018-11-01,-0.08048066242552765
enf,2018-12-01,0.020590819240061453
enf,2019-01-01,-0.05272502286544356
enf,2019-02-01,0.05668200147668534
enf,2019-03-01,0.013652244020424531
enf,2019-04-01,-0.0038708309030170973
enf,2019-05-01,-0.012828702225061162
enf,2019-06-01,0.0053922890266917545
enf,2019-07-01,0.023437919013140185
enf,2019-08-01,0.02159102819410963
enf,2019-09-01,0.024828152251974878
enf,2019-10-01,0.025778356191811014
enf,2019-11-01,0.011174547406431534
enf,2019-12-01,-0.03947495415500435
enf,2020-01-01,0.01582596463022501
enf,2020-02-01,0.003956674415154016
enf,2020-03-01,-0.010887235824424857
enf,2020-04-01,-0.12919613507321448
enf,2020-05-01,0.07389613360787006
enf,2020-06-01,0.04239454622922878
enf,2020-07-01,-0.02125485387287962
enf,2020-08-01,0.016809354771351037
enf,2020-09-01,0.05200739295615575
enf,2020-10-01,0.016983065736176917
enf,2020-11-01,0.013676280051825973
enf,2020-12-01,0.06343495550085221
enf,2021-01-01,0.0842236467236468
enf,2021-02-01,0.006487107899490807
enf,2021-03-01,0.03891653748878188
enf,2021-04-01,0.025365164127532536
enf,2021-05-01,0.02952439304587573
enf,2021-06-01,0.11664496931374368
enf,2021-07-01,0.028446753938909497
enf,2021-08-01,-0.0017489878542510384
enf,2021-09-01,-0.001654715940430207
enf,2021-10-01,0.0031849203769904744
enf,2021-11-01,0.030873396397563813
enf,2021-12-01,0.0053109581722761146
enf,2022-01-01,-0.0026883401062831602
enf,2022-02-01,0.0037612838515546088
enf,2022-03-01,0.014801398950786915
enf,2022-04-01,0.021293618068804143
enf,2022-05-01,-0.06288038565833087
enf,2022-06-01,-0.032440600585152524
enf,2022-07-01,-0.032730776899049685
enf,2022-08-01,0.021677144525747982
enf,2022-09-01,0.01956960322797574
enf,2022-10-01,-0.08782402216212648
enf,2022-11-01,-0.013377200911095843
enf,2022-12-01,-0.003554545787679997
enf,2023-01-01,0.01121653427478675
enf,2023-02-01,0.009601047386987638
mafeqi,2014-10-01,0
mafeqi,2014-11-01,0.003700370037003742
mafeqi,2014-12-01,-0.08011159824631331
mafeqi,2015-01-01,-0.051451473136915116
mafeqi,2015-02-01,0.041109969167523186
mafeqi,2015-03-01,0.031150597784358913
mafeqi,2015-04-01,-0.09318157642803959
mafeqi,2015-05-01,0.007741935483871032
mafeqi,2015-06-01,0.04225352112676051
mafeqi,2015-07-01,0.09727496091132459
mafeqi,2015-08-01,-0.03155216284987272
mafeqi,2015-09-01,-0.08649500788229114
mafeqi,2015-10-01,0.03301886792452824
mafeqi,2015-11-01,0.050673794409177075
mafeqi,2015-12-01,-0.07398770404918376
mafeqi,2016-01-01,0.00812728937728946
mafeqi,2016-02-01,-0.052117633700465515
mafeqi,2016-03-01,0.07570675610924771
mafeqi,2016-04-01,-0.034966592427616905
mafeqi,2016-05-01,0.05942764828063707
mafeqi,2016-06-01,0.035290273390698124
mafeqi,2016-07-01,0.045660178853235145
mafeqi,2016-08-01,8.049099506992619e-4
mafeqi,2016-09-01,0.07178043631245612
mafeqi,2016-10-01,0.012381577713160175
mafeqi,2016-11-01,-0.05132956545909384
mafeqi,2016-12-01,-0.01474753393886119
mafeqi,2017-01-01,-0.014571768437747767
mafeqi,2017-02-01,0.044261140730308846
mafeqi,2017-03-01,0.0011559580001927472
mafeqi,2017-04-01,0.03742903877609938
mafeqi,2017-05-01,-0.008439992580226319
mafeqi,2017-06-01,0.03797586755214666
mafeqi,2017-07-01,0.0597458772641255
mafeqi,2017-08-01,-0.027210884353741527
mafeqi,2017-09-01,-0.010227272727272751
mafeqi,2017-10-01,0.016780005298949074
mafeqi,2017-11-01,0.02293060019108828
mafeqi,2017-12-01,0.16056720726840457
mafeqi,2018-01-01,0.08304067895815037
mafeqi,2018-02-01,0.0875498209822334
mafeqi,2018-03-01,-0.0011801975277967447
mafeqi,2018-04-01,0.0194029850746269
mafeqi,2018-05-01,-0.12188872620790625
mafeqi,2018-06-01,-0.05675976101153257
mafeqi,2018-07-01,-0.05015835604330854
mafeqi,2018-08-01,-0.01473325062034736
mafeqi,2018-09-01,0.02675901149063442
mafeqi,2018-10-01,0.011344473401808886
mafeqi,2018-11-01,-0.10914051841746253
mafeqi,2018-12-01,-0.0046792581248936704
mafeqi,2019-01-01,-0.05385075647491233
mafeqi,2019-02-01,0.03414942632577467
mafeqi,2019-03-01,0.06691709618240593
mafeqi,2019-04-01,-0.0014738393515106862
mafeqi,2019-05-01,-0.008282082820828207
mafeqi,2019-06-01,-0.013560443194972738
mafeqi,2019-07-01,0.012657166806370412
mafeqi,2019-08-01,0.014982203459978471
mafeqi,2019-09-01,-0.005300929701516854
mafeqi,2019-10-01,0.0034434697056653363
mafeqi,2019-11-01,0.014625377890350455
mafeqi,2019-12-01,-0.056530842325656305
mafeqi,2020-01-01,4.267668146125114e-4
mafeqi,2020-02-01,-0.024315331456360334
mafeqi,2020-03-01,-0.02754459601259185
mafeqi,2020-04-01,-0.26841111410844354
mafeqi,2020-05-01,0.14294493608652892
mafeqi,2020-06-01,0.16345843639100988
mafeqi,2020-07-01,-0.0515759312320917
mafeqi,2020-08-01,-0.06578306207971929
mafeqi,2020-09-01,0.13968287085332776
mafeqi,2020-10-01,0.021235697940503506
mafeqi,2020-11-01,-0.016581518329299993
mafeqi,2020-12-01,0.1109187021509297
mafeqi,2021-01-01,0.08548691443104439
mafeqi,2021-02-01,0.05706295820421747
mafeqi,2021-03-01,0.028528528528528607
mafeqi,2021-04-01,0.027111574556829998
mafeqi,2021-05-01,0.030186125211505876
mafeqi,2021-06-01,0.10702319164312457
mafeqi,2021-07-01,0.04403560830860531
mafeqi,2021-08-01,-0.044452023647112315
mafeqi,2021-09-01,0.00547293277810823
mafeqi,2021-10-01,0.027511537096201577
mafeqi,2021-11-01,0.0642022226060921
mafeqi,2021-12-01,-8.657071745482581e-4
mafeqi,2022-01-01,0.021390663922885356
mafeqi,2022-02-01,-0.01627697364932934
mafeqi,2022-03-01,-5.38967338579166e-5
mafeqi,2022-04-01,0.012882013690508343
mafeqi,2022-05-01,-0.0931779480630055
mafeqi,2022-06-01,-0.052226981984625276
mafeqi,2022-07-01,-0.08302891461828987
mafeqi,2022-08-01,0.03781228899392297
mafeqi,2022-09-01,0.025569290826285007
mafeqi,2022-10-01,-0.16468946266573625
mafeqi,2022-11-01,-0.021569074200653127
mafeqi,2022-12-01,-0.008538383916789516
mafeqi,2023-01-01,0.023330462694746812
mafeqi,2023-02-01,0.04850432254609438
magef,2019-07-01,0
magef,2019-08-01,-0.015094000000000052
magef,2019-09-01,0.011430532456904618
magef,2019-10-01,0.026678338104970667
magef,2019-11-01,0.01746387156070961
magef,2019-12-01,-0.07834511018152013
magef,2020-01-01,0.00412585042879865
magef,2020-02-01,-0.0475560521353392
magef,2020-03-01,-0.016337161509494935
magef,2020-04-01,-0.13540497135491414
magef,2020-05-01,0.023487334632345425
magef,2020-06-01,0.11101550346817768
magef,2020-07-01,-0.01547398811999956
magef,2020-08-01,-0.02727665173117033
magef,2020-09-01,0.083069841905143
magef,2020-10-01,0.044402683746767924
magef,2020-11-01,0.033593156487079945
magef,2020-12-01,0.06870790080447842
magef,2021-01-01,0.09435290127469553
magef,2021-02-01,-0.033125598861549754
magef,2021-03-01,0.0973029139854742
magef,2021-04-01,0.030223583272069865
magef,2021-05-01,0.01311485481191732
magef,2021-06-01,0.09435115215971646
magef,2021-07-01,0.025613756906940788
magef,2021-08-01,0.04370238353338696
magef,2021-09-01,-0.0012178206651225487
magef,2021-10-01,0.03135575482323394
magef,2021-11-01,0.03606559700646317
magef,2021-12-01,-0.001782201983306031
magef,2022-01-01,0.009569807202211233
magef,2022-02-01,-0.016990421561144275
magef,2022-03-01,0.00581325278516398
magef,2022-04-01,0.02668526440935004
magef,2022-05-01,-0.06458315097404177
magef,2022-06-01,-0.030428408599104007
magef,2022-07-01,-0.07771007745807224
magef,2022-08-01,0.03284312692438762
magef,2022-09-01,0.03018472055510446
magef,2022-10-01,-0.15082950696736674
magef,2022-11-01,-0.03338907025506277
magef,2022-12-01,0.019946298427311104
magef,2023-01-01,-0.02127020824784487
magef,2023-02-01,0.08637722279920568
mbvf,2014-05-01,0
mbvf,2014-06-01,0.021997800219978103
mbvf,2014-07-01,0.03453673808824975
mbvf,2014-08-01,0.010592018157745464
mbvf,2014-09-01,0.010948905109489093
mbvf,2014-10-01,0.022401184856058576
mbvf,2014-11-01,0.006699864191942018
mbvf,2014-12-01,0.0014389783253889732
mbvf,2015-01-01,0.008890884598114157
mbvf,2015-02-01,-0.019672423001602324
mbvf,2015-03-01,0.014528284754381282
mbvf,2015-04-01,-0.028550971091023003
mbvf,2015-05-01,-0.03731343283582089
mbvf,2015-06-01,0.009953105560340791
mbvf,2015-07-01,9.475978394768436e-4
mbvf,2015-08-01,0.016283252863769748
mbvf,2015-09-01,-0.029715882626921264
mbvf,2015-10-01,0.015168970814132043
mbvf,2015-11-01,0.03782863627766209
mbvf,2015-12-01,-0.01230180426462546
mbvf,2016-01-01,-0.003044561306393634
mbvf,2016-02-01,-0.019433647973348123
mbvf,2016-03-01,0.017553793884484747
mbvf,2016-04-01,0.026154702281580455
mbvf,2016-05-01,0.01572668112798259
mbvf,2016-06-01,0.013258586937177519
mbvf,2016-07-01,0.022745235795205154
mbvf,2016-08-01,-0.01674394641937149
mbvf,2016-09-01,0.029953715832678363
mbvf,2016-10-01,0.04349669323384764
mbvf,2016-11-01,-0.013975786137970236
mbvf,2016-12-01,0.006674907292954169
mbvf,2017-01-01,-0.003356254092992783
mbvf,2017-02-01,0.0022997946611909015
mbvf,2017-03-01,0.03368024256330404
mbvf,2017-04-01,0.008879023307436285
mbvf,2017-05-01,-0.0026716957410026776
mbvf,2017-06-01,0.021273242987708718
mbvf,2017-07-01,0.026461965746026772
mbvf,2017-08-01,0.001503194287861609
mbvf,2017-09-01,0.014484052532832914
mbvf,2017-10-01,5.918035212308936e-4
mbvf,2017-11-01,0.012198728374981593
mbvf,2017-12-01,0.03272222628003796
mbvf,2018-01-01,0.010891859395996795
mbvf,2018-02-01,0.017631008185825303
mbvf,2018-03-01,-0.010381574424200735
mbvf,2018-04-01,0.019660969848547927
mbvf,2018-05-01,-0.026163384887919916
mbvf,2018-06-01,0.01301336318477575
mbvf,2018-07-01,-0.05642654879480624
mbvf,2018-08-01,0.031620553359683834
mbvf,2018-09-01,0.012558535547041227
mbvf,2018-10-01,0.05178333683694203
mbvf,2018-11-01,-0.054963357761492304
mbvf,2018-12-01,0.043355657384561264
mbvf,2019-01-01,-0.03466216216216211
mbvf,2019-02-01,0.02946734793868555
mbvf,2019-03-01,0.04650530323633406
mbvf,2019-04-01,-0.005782224532224545
mbvf,2019-05-01,-0.041756518329739256
mbvf,2019-06-01,-0.027277686852154925
mbvf,2019-07-01,-4.907459338193698e-4
mbvf,2019-08-01,0.010521147506488138
mbvf,2019-09-01,-0.007912820156868228
mbvf,2019-10-01,0.016231721821870826
mbvf,2019-11-01,0.002960413080895119
mbvf,2019-12-01,-0.026496430532674364
mbvf,2020-01-01,0.00500634607248629
mbvf,2020-02-01,-0.039710938048130195
mbvf,2020-03-01,0.038576751662161124
mbvf,2020-04-01,-0.17263454097784026
mbvf,2020-05-01,0.0967604795510586
mbvf,2020-06-01,0.10861307078068072
mbvf,2020-07-01,-0.008391608391608352
mbvf,2020-08-01,0.03258110014104365
mbvf,2020-09-01,0.06897964758912711
mbvf,2020-10-01,0.027408637873754138
mbvf,2020-11-01,0.015235370934643333
mbvf,2020-12-01,0.029584711503123806
mbvf,2021-01-01,0.011957879707299668
mbvf,2021-02-01,-0.005467372134038806
mbvf,2021-03-01,0.02914228291068155
mbvf,2021-04-01,-8.041355542791617e-4
mbvf,2021-05-01,-0.005633478960680671
mbvf,2021-06-01,0.06382240721470689
mbvf,2021-07-01,-0.0019019671774807012
mbvf,2021-08-01,-0.014754723144770554
mbvf,2021-09-01,0.013594164456233404
mbvf,2021-10-01,0.005670046886926183
mbvf,2021-11-01,0.03122628212078493
mbvf,2021-12-01,0.007149616233834477
mbvf,2022-01-01,-0.016129032258064502
mbvf,2022-02-01,0.0062602790598971225
mbvf,2022-03-01,0.00801391891179426
mbvf,2022-04-01,3.6612793556156653e-4
mbvf,2022-05-01,-0.046690369131025866
mbvf,2022-06-01,-0.022651236768496674
mbvf,2022-07-01,-0.03350168350168348
mbvf,2022-08-01,0.007548046217267679
mbvf,2022-09-01,0.03059989627153814
mbvf,2022-10-01,-0.07380899127711926
mbvf,2022-11-01,-0.08391692827819364
mbvf,2022-12-01,0.04777909582180051
mbvf,2023-01-01,-0.013648657148248367
mbvf,2023-02-01,0.08481061089146791
midcap,2016-04-01,0
midcap,2016-05-01,0.036088787209563655
midcap,2016-06-01,0.03476794646367365
midcap,2016-07-01,0.10356229414208218
midcap,2016-08-01,-0.008136954085672499
midcap,2016-09-01,0.01301553948578893
midcap,2016-10-01,0.028944835319596907
midcap,2016-11-01,-0.03786064535695144
midcap,2016-12-01,-0.0379572218893508
midcap,2017-01-01,-0.014132672579807104
midcap,2017-02-01,0.025246709097033193
midcap,2017-03-01,0.060516767200536226
midcap,2017-04-01,0.052606951784254896
midcap,2017-05-01,0.0329182209791139
midcap,2017-06-01,0.07198618858951567
midcap,2017-07-01,0.06479629041003676
midcap,2017-08-01,-0.006944783444691405
midcap,2017-09-01,-0.021855690957536256
midcap,2017-10-01,0.0021421986007919003
midcap,2017-11-01,-0.06220743025678499
midcap,2017-12-01,0.10131378998595797
midcap,2018-01-01,0.004418905229329084
midcap,2018-02-01,0.055462900168675056
midcap,2018-03-01,-0.03319803998599258
midcap,2018-04-01,0.06814754224074004
midcap,2018-05-01,-0.09120061263072243
midcap,2018-06-01,-0.04270240853872609
midcap,2018-07-01,-0.07158247985109534
midcap,2018-08-01,0.07220312870348433
midcap,2018-09-01,0.025201027936665676
midcap,2018-10-01,0.0566651393044213
midcap,2018-11-01,-0.1201768557095485
midcap,2018-12-01,0.027591035602458458
midcap,2019-01-01,-0.051668934584558124
midcap,2019-02-01,0.040867935380862086
midcap,2019-03-01,0.073315040301835
midcap,2019-04-01,-0.017735879204282212
midcap,2019-05-01,-0.023550675523021924
midcap,2019-06-01,-0.018722986793029084
midcap,2019-07-01,0.020825080640597626
midcap,2019-08-01,-0.003529390025315493
midcap,2019-09-01,-0.0013445276860883926
midcap,2019-10-01,0.029329665604804322
midcap,2019-11-01,-0.015847960601086175
midcap,2019-12-01,-0.026652246835732973
midcap,2020-01-01,-0.005122456474044523
midcap,2020-02-01,-0.058065188114861055
midcap,2020-03-01,-0.015865819091230637
midcap,2020-04-01,-0.22316041190447922
midcap,2020-05-01,0.15131561852792386
midcap,2020-06-01,0.1399445557591359
midcap,2020-07-01,-8.61272990420936e-4
midcap,2020-08-01,-0.03619249998574248
midcap,2020-09-01,0.1187487767259987
midcap,2020-10-01,0.0781836772634319
midcap,2020-11-01,-0.016742678311248316
midcap,2020-12-01,0.11294268253119277
midcap,2021-01-01,0.1890333254549752
midcap,2021-02-01,-0.04235900188174191
midcap,2021-03-01,0.14370611538658729
midcap,2021-04-01,0.048898675749087905
midcap,2021-05-01,-0.009008905089281538
midcap,2021-06-01,0.08530339537428255
midcap,2021-07-01,0.0710589396125032
midcap,2021-08-01,-0.06583888249136338
midcap,2021-09-01,0.06334548183085009
midcap,2021-10-01,-0.014249063755361613
midcap,2021-11-01,0.11906106191070287
midcap,2021-12-01,0.12658036404682682
midcap,2022-01-01,0.08797448540012631
midcap,2022-02-01,-0.09443021647635996
midcap,2022-03-01,0.052976247324222125
midcap,2022-04-01,0.03269495688614277
midcap,2022-05-01,-0.16050607226142521
midcap,2022-06-01,-0.05222904660118877
midcap,2022-07-01,-0.10600841215766121
midcap,2022-08-01,0.06443595256849677
midcap,2022-09-01,0.03151515757578793
midcap,2022-10-01,-0.171418599916627
midcap,2022-11-01,-0.06842831903965185
midcap,2022-12-01,-0.04517680748048558
midcap,2023-01-01,0.05831749393279706
midcap,2023-02-01,0.015281454690082796
ssisca,2014-09-01,0
ssisca,2014-10-01,0.04981900000000006
ssisca,2014-11-01,-0.0214293130530121
ssisca,2014-12-01,-0.036870714647333935
ssisca,2015-01-01,-0.004187200084087683
ssisca,2015-02-01,-0.004076013319787575
ssisca,2015-03-01,0.021584047609414903
ssisca,2015-04-01,-0.019495842747627168
ssisca,2015-05-01,0.0010822842240338915
ssisca,2015-06-01,0.0028416086466367396
ssisca,2015-07-01,0.034306497591664264
ssisca,2015-08-01,0.03886015946950616
ssisca,2015-09-01,-0.026658593449376378
ssisca,2015-10-01,0.04654806546321333
ssisca,2015-11-01,0.059516567922975216
ssisca,2015-12-01,-0.005351504914139049
ssisca,2016-01-01,0.006282578079767953
ssisca,2016-02-01,-0.03802500135326514
ssisca,2016-03-01,0.06989222426428876
ssisca,2016-04-01,0.020325168768461133
ssisca,2016-05-01,0.032813599003653104
ssisca,2016-06-01,0.01590324746309557
ssisca,2016-07-01,0.08218583253170708
ssisca,2016-08-01,-0.045244402659953775
ssisca,2016-09-01,0.11060273968400547
ssisca,2016-10-01,0.017930264900570814
ssisca,2016-11-01,-0.03704349406973051
ssisca,2016-12-01,-0.019965833641535036
ssisca,2017-01-01,0.035975137706541815
ssisca,2017-02-01,0.008933335461144054
ssisca,2017-03-01,0.01485586332770783
ssisca,2017-04-01,0.05560043043745777
ssisca,2017-05-01,-0.006613992674086799
ssisca,2017-06-01,0.09511035862109085
ssisca,2017-07-01,0.036020167186542995
ssisca,2017-08-01,-0.026486109331168795
ssisca,2017-09-01,0.029982318944706376
ssisca,2017-10-01,0.013567792667541267
ssisca,2017-11-01,-0.02526867618970774
ssisca,2017-12-01,0.096901076748905135
ssisca,2018-01-01,0.058393425969558876
ssisca,2018-02-01,0.025366627227609184
ssisca,2018-03-01,0.05544753396497626
ssisca,2018-04-01,0.015231894637878218
ssisca,2018-05-01,-0.12258037033981861
ssisca,2018-06-01,0.04764088889930074
ssisca,2018-07-01,-0.15342125283475117
ssisca,2018-08-01,0.041182918623747344
ssisca,2018-09-01,0.047359572983972864
ssisca,2018-10-01,0.03810090905903829
ssisca,2018-11-01,-0.07045772602957012
ssisca,2018-12-01,-4.513835180061099e-4
ssisca,2019-01-01,-0.040232193001827676
ssisca,2019-02-01,-0.010005091341466099
ssisca,2019-03-01,0.052688355396214526
ssisca,2019-04-01,0.006601694013778303
ssisca,2019-05-01,-0.005235690871070675
ssisca,2019-06-01,-0.02976495189561057
ssisca,2019-07-01,0.008507257226765264
ssisca,2019-08-01,0.026741807182375732
ssisca,2019-09-01,0.03197771788983306
ssisca,2019-10-01,0.02236331921361634
ssisca,2019-11-01,-0.014734581446379291
ssisca,2019-12-01,-0.032013272216272814
ssisca,2020-01-01,-0.015046480750915192
ssisca,2020-02-01,-0.028802765567361055
ssisca,2020-03-01,-0.009578077411117047
ssisca,2020-04-01,-0.27701715084870127
ssisca,2020-05-01,0.2419703824050936
ssisca,2020-06-01,0.06449023037755697
ssisca,2020-07-01,-0.015651251545136025
ssisca,2020-08-01,-0.01833926617307491
ssisca,2020-09-01,0.07711141734559357
ssisca,2020-10-01,0.03112673089630058
ssisca,2020-11-01,0.017047063582658062
ssisca,2020-12-01,0.07684875466792485
ssisca,2021-01-01,0.09744365436060698
ssisca,2021-02-01,-0.00641465611091907
ssisca,2021-03-01,0.11107860789593804
ssisca,2021-04-01,0.015295005597626865
ssisca,2021-05-01,0.03595630903398628
ssisca,2021-06-01,0.09859169614835839
ssisca,2021-07-01,0.047108038357504434
ssisca,2021-08-01,0.010042383900950469
ssisca,2021-09-01,0.022796011112226955
ssisca,2021-10-01,0.017734377135429247
ssisca,2021-11-01,0.05827813515537894
ssisca,2021-12-01,0.008710677488434904
ssisca,2022-01-01,-1.4940129218132814e-4
ssisca,2022-02-01,-0.026323408622954236
ssisca,2022-03-01,0.024437035382701033
ssisca,2022-04-01,0.04620864040003814
ssisca,2022-05-01,-0.06601654410013613
ssisca,2022-06-01,-0.04162999996494021
ssisca,2022-07-01,-0.052229168876873566
ssisca,2022-08-01,-0.015358427642853889
ssisca,2022-09-01,0.07448859916744688
ssisca,2022-10-01,-0.09540255388982133
ssisca,2022-11-01,-0.13640813363447046
ssisca,2022-12-01,-0.013175284824838318
ssisca,2023-01-01,0.024250525520551625
ssisca,2023-02-01,0.10604776940172522
tcef,2015-09-01,0
tcef,2015-10-01,-0.0028000000000000247
tcef,2015-11-01,0.05004011231448047
tcef,2015-12-01,-0.06427275331868976
tcef,2016-01-01,-0.020004082465809314
tcef,2016-02-01,-0.061445532180795626
tcef,2016-03-01,0.02940523746116286
tcef,2016-04-01,0.007761129675541767
tcef,2016-05-01,0.040432131778799896
tcef,2016-06-01,0.04184229464377509
tcef,2016-07-01,0.06680481547266637
tcef,2016-08-01,0.0032374433447415196
tcef,2016-09-01,0.04287294855246171
tcef,2016-10-01,0.0422597471487931
tcef,2016-11-01,-0.05148867588429895
tcef,2016-12-01,-0.015918440350563445
tcef,2017-01-01,-0.015176299527444592
tcef,2017-02-01,0.010427240011073202
tcef,2017-03-01,0.03552511415525106
tcef,2017-04-01,0.001234676779257482
tcef,2017-05-01,-0.03646613229983264
tcef,2017-06-01,0.06883627388243907
tcef,2017-07-01,0.040797126240164294
tcef,2017-08-01,-0.0075601939354096315
tcef,2017-09-01,0.009356628301730563
tcef,2017-10-01,0.02682526661197704
tcef,2017-11-01,0.017096748422145813
tcef,2017-12-01,0.10996779514570743
tcef,2018-01-01,0.06000990729601585
tcef,2018-02-01,0.14453568328993915
tcef,2018-03-01,-0.06375408306112929
tcef,2018-04-01,0.028284842065914972
tcef,2018-05-01,-0.07833989700090882
tcef,2018-06-01,-0.05456218774651589
tcef,2018-07-01,-0.05590321234876927
tcef,2018-08-01,8.837825894829621e-4
tcef,2018-09-01,0.0032376747608535705
tcef,2018-10-01,0.011148599090508915
tcef,2018-11-01,-0.0772522849267373
tcef,2018-12-01,-0.008411288420721696
tcef,2019-01-01,-0.002774694783573839
tcef,2019-02-01,0.008267747833690997
tcef,2019-03-01,0.007805724197744945
tcef,2019-04-01,0.0025035205758097145
tcef,2019-05-01,-0.0026533479007335714
tcef,2019-06-01,-0.0046948356807511304
tcef,2019-07-01,-0.00518867924528299
tcef,2019-08-01,0.02283862810178605
tcef,2019-09-01,0.002395117051688267
tcef,2019-10-01,0.03260366887621391
tcef,2019-11-01,0.006493991192057846
tcef,2019-12-01,-0.02921981607831503
tcef,2020-01-01,0.015508021390374438
tcef,2020-02-01,-0.011735499887158607
tcef,2020-03-01,-0.02755575854456882
tcef,2020-04-01,-0.23718199608610568
tcef,2020-05-01,0.13319651103129804
tcef,2020-06-01,0.07497962510187439
tcef,2020-07-01,-0.031758065874820995
tcef,2020-08-01,-0.03219070819558034
tcef,2020-09-01,0.11587558432218636
tcef,2020-10-01,0.03826633368242982
tcef,2020-11-01,0.008845437616387342
tcef,2020-12-01,0.06529764651592074
tcef,2021-01-01,0.07566240704642269
tcef,2021-02-01,-0.006577622659238891
tcef,2021-03-01,0.07634619282480903
tcef,2021-04-01,0.012177515535747974
tcef,2021-05-01,0.08403100775193795
tcef,2021-06-01,0.08981693363844401
tcef,2021-07-01,0.03874015748031501
tcef,2021-08-01,-0.06352334748332322
tcef,2021-09-01,0.0026442177972045844
tcef,2021-10-01,0.017276641550053817
tcef,2021-11-01,0.05243108830220633
tcef,2021-12-01,0.001558415443394301
tcef,2022-01-01,-0.007528986598403842
tcef,2022-02-01,-0.006220603853739903
tcef,2022-03-01,0.001475826972010097
tcef,2022-04-01,-0.00635194877788503
tcef,2022-05-01,-0.0600900071596604
tcef,2022-06-01,-0.051635018227324636
tcef,2022-07-01,-0.04159495123350543
tcef,2022-08-01,-0.015205028434600365
tcef,2022-09-01,0.039693635645249525
tcef,2022-10-01,-0.07717492984097285
tcef,2022-11-01,-0.03180435884439936
tcef,2022-12-01,0.039131003795314756
tcef,2023-01-01,-0.046914357682619645
tcef,2023-02-01,0.0743970928311859
vcbfbcf,2014-08-01,0
vcbfbcf,2014-09-01,0.001501050735514875
vcbfbcf,2014-10-01,0.0020983213429257574
vcbfbcf,2014-11-01,-0.00528467444411207
vcbfbcf,2014-12-01,-0.01934643143544512
vcbfbcf,2015-01-01,-0.018297045895941944
vcbfbcf,2015-02-01,0.001249479383590213
vcbfbcf,2015-03-01,0.03223793677204667
vcbfbcf,2015-04-01,-0.02538787023977429
vcbfbcf,2015-05-01,0.0326648749224725
vcbfbcf,2015-06-01,-0.00830830830830831
vcbfbcf,2015-07-01,0.03643888159886943
vcbfbcf,2015-08-01,0.026782236073237264
vcbfbcf,2015-09-01,-0.0223845205349521
vcbfbcf,2015-10-01,0.036286019210245435
vcbfbcf,2015-11-01,0.09690103922853655
vcbfbcf,2015-12-01,-0.008791396381017447
vcbfbcf,2016-01-01,0.009127701713596892
vcbfbcf,2016-02-01,-0.04138578376994628
vcbfbcf,2016-03-01,0.08225031155421036
vcbfbcf,2016-04-01,0.01645007402533305
vcbfbcf,2016-05-01,0.020391649134164025
vcbfbcf,2016-06-01,0.04599524187153059
vcbfbcf,2016-07-01,0.08142532221379839
vcbfbcf,2016-08-01,-0.018508132361188978
vcbfbcf,2016-09-01,0.067285714285714393
vcbfbcf,2016-10-01,0.002409316021951602
vcbfbcf,2016-11-01,-0.02343437040993457
vcbfbcf,2016-12-01,-0.03684966158474057
vcbfbcf,2017-01-01,0.0061754684838160046
vcbfbcf,2017-02-01,0.023633156966490265
vcbfbcf,2017-03-01,0.0558235699517573
vcbfbcf,2017-04-01,0.028067885117493363
vcbfbcf,2017-05-01,0.00907936507936502
vcbfbcf,2017-06-01,0.06990498961807079
vcbfbcf,2017-07-01,0.035462244177840496
vcbfbcf,2017-08-01,-0.01277900834895207
vcbfbcf,2017-09-01,-0.008514555287078562
vcbfbcf,2017-10-01,-0.003075316235348735
vcbfbcf,2017-11-01,4.656306384960285e-4
vcbfbcf,2017-12-01,0.09279190179766128
vcbfbcf,2018-01-01,0.04051320272572401
vcbfbcf,2018-02-01,-0.04799181376311079
vcbfbcf,2018-03-01,0.09792013758263018
vcbfbcf,2018-04-01,0.010181604581722015
vcbfbcf,2018-05-01,-0.08368464408586518
vcbfbcf,2018-06-01,-0.002221047065045001
vcbfbcf,2018-07-01,-0.0943926224295103
vcbfbcf,2018-08-01,0.04664364721718273
vcbfbcf,2018-09-01,0.04048311339745014
vcbfbcf,2018-10-01,0.06739036973344792
vcbfbcf,2018-11-01,-0.08468432182056185
vcbfbcf,2018-12-01,0.03168316831683171
vcbfbcf,2019-01-01,-0.05315632330987419
vcbfbcf,2019-02-01,0.010248324793062702
vcbfbcf,2019-03-01,0.053954629061925274
vcbfbcf,2019-04-01,-0.009307737056428178
vcbfbcf,2019-05-01,-0.0065125713980676014
vcbfbcf,2019-06-01,-0.03841813980978992
vcbfbcf,2019-07-01,0.012572641931157813
vcbfbcf,2019-08-01,-0.00678770487279956
vcbfbcf,2019-09-01,0.03428158684298266
vcbfbcf,2019-10-01,0.026913779210314237
vcbfbcf,2019-11-01,0.007166771291065022
vcbfbcf,2019-12-01,-0.05744559289461382
vcbfbcf,2020-01-01,0.008100512481401978
vcbfbcf,2020-02-01,-0.04875915600743408
vcbfbcf,2020-03-01,0.008677163544420274
vcbfbcf,2020-04-01,-0.2553979376744716
vcbfbcf,2020-05-01,0.1507268553940322
vcbfbcf,2020-06-01,0.0745345744680852
vcbfbcf,2020-07-01,-0.018377575645071476
vcbfbcf,2020-08-01,0.005042864346949116
vcbfbcf,2020-09-01,0.07852483692925238
vcbfbcf,2020-10-01,0.05082577343568273
vcbfbcf,2020-11-01,0.00736026563364689
vcbfbcf,2020-12-01,0.08591990331264077
vcbfbcf,2021-01-01,0.11569788030555972
vcbfbcf,2021-02-01,-0.050693751700371825
vcbfbcf,2021-03-01,0.1283912877340465
vcbfbcf,2021-04-01,0.036826955638333825
vcbfbcf,2021-05-01,-0.010614844451702465
vcbfbcf,2021-06-01,0.11801601056367095
vcbfbcf,2021-07-01,0.044511700007381805
vcbfbcf,2021-08-01,-0.023917667844522983
vcbfbcf,2021-09-01,-0.0039503126546486245
vcbfbcf,2021-10-01,0.04052371864370197
vcbfbcf,2021-11-01,0.04931122240471009
vcbfbcf,2021-12-01,-0.00857369882402903
vcbfbcf,2022-01-01,-4.0526270726903846e-4
vcbfbcf,2022-02-01,1.5014571187865755e-4
vcbfbcf,2022-03-01,0.02283618606541271
vcbfbcf,2022-04-01,0.041626950262858786
vcbfbcf,2022-05-01,-0.07042493714395237
vcbfbcf,2022-06-01,-0.019754709949449167
vcbfbcf,2022-07-01,-0.05449132413267277
vcbfbcf,2022-08-01,0.021560867952169493
vcbfbcf,2022-09-01,0.0342863282684025
vcbfbcf,2022-10-01,-0.15360697831051606
vcbfbcf,2022-11-01,-0.038661854220859215
vcbfbcf,2022-12-01,0.0490607391518989
vcbfbcf,2023-01-01,-0.02122394370139713
vcbfbcf,2023-02-01,0.0694525843024485
veof,2014-07-01,0
veof,2014-08-01,-0.0017974835230677444
veof,2014-09-01,-0.002300920368147219
veof,2014-10-01,0.05565025569036397
veof,2014-11-01,-0.023271276595744683
veof,2014-12-01,-0.04551201011378003
veof,2015-01-01,-0.04707080998471724
veof,2015-02-01,0.02084892547845607
veof,2015-03-01,0.015395894428152479
veof,2015-04-01,-0.029912325941206852
veof,2015-05-01,-0.017756512493354637
veof,2015-06-01,0.0034639532366314008
veof,2015-07-01,0.08112189859762675
veof,2015-08-01,-0.0010975853123129653
veof,2015-09-01,-0.021975826590750147
veof,2015-10-01,0.056786845061791436
veof,2015-11-01,0.031603363293708275
veof,2015-12-01,-0.03204047217537942
veof,2016-01-01,-0.004355400696864131
veof,2016-02-01,-0.017303392631476622
veof,2016-03-01,0.062419626075774115
veof,2016-04-01,-0.009031657355679679
veof,2016-05-01,0.009207930094897954
veof,2016-06-01,0.01275486453775243
veof,2016-07-01,0.09211252068394926
veof,2016-08-01,0.0015151515151514694
veof,2016-09-01,0.038241721297697095
veof,2016-10-01,0.07042823605601889
veof,2016-11-01,-0.08742342887393184
veof,2016-12-01,-0.010358829866578323
veof,2017-01-01,0.008541282867191358
veof,2017-02-01,0.019428761208900802
veof,2017-03-01,0.02451539338654496
veof,2017-04-01,0.02551872167898872
veof,2017-05-01,-0.031085271317829455
veof,2017-06-01,0.0336026882150573
veof,2017-07-01,0.05085532935985748
veof,2017-08-01,-0.029169121979964685
veof,2017-09-01,0.013353566009104645
veof,2017-10-01,0.017969451931716174
veof,2017-11-01,-0.03604001176816707
veof,2017-12-01,0.13581565695101472
veof,2018-01-01,0.025258632271933257
veof,2018-02-01,0.07056742235617874
veof,2018-03-01,0.04125099455291026
veof,2018-04-01,0.0769411626403338
veof,2018-05-01,-0.12585962231197467
veof,2018-06-01,-0.010489510489510523
veof,2018-07-01,-0.06429833417465924
veof,2018-08-01,-0.0036415132510621007
veof,2018-09-01,0.007512690355329976
veof,2018-10-01,0.048770656993147865
veof,2018-11-01,-0.10754547783756085
veof,2018-12-01,-5.024043637407161e-4
veof,2019-01-01,-0.028866867729426926
veof,2019-02-01,0.009316770186335477
veof,2019-03-01,0.04271062271062265
veof,2019-04-01,0.01700274011100955
veof,2019-05-01,-0.001934369602763386
veof,2019-06-01,-0.03350176507233338
veof,2019-07-01,0.023920360953949782
veof,2019-08-01,0.03028607400153871
veof,2019-09-01,0.010319076714188746
veof,2019-10-01,0.03245531514581379
veof,2019-11-01,0.021672632606573483
veof,2019-12-01,-0.06918078736144728
veof,2020-01-01,8.89679715302405e-4
veof,2020-02-01,-0.038358974358974396
veof,2020-03-01,-0.009314562002275317
veof,2020-04-01,-0.19213378310485896
veof,2020-05-01,0.04219971570717829
veof,2020-06-01,0.13008268689796276
veof,2020-07-01,-0.022629554197782342
veof,2020-08-01,-0.017751022613259226
veof,2020-09-01,0.08478038815117461
veof,2020-10-01,0.0323772272924816
veof,2020-11-01,0.01199747421595454
veof,2020-12-01,0.09241541874653358
veof,2021-01-01,0.0962746715745384
veof,2021-02-01,-0.04521245802940832
veof,2021-03-01,0.16564603164979075
veof,2021-04-01,-0.008894668400520112
veof,2021-05-01,0.05652356460585706
veof,2021-06-01,0.11554319209179864
veof,2021-07-01,0.05134256579240315
veof,2021-08-01,-0.011986446421008101
veof,2021-09-01,0.02419513868049905
veof,2021-10-01,0.03168587860066796
veof,2021-11-01,0.08257405545669871
veof,2021-12-01,-0.0013288991723050536
veof,2022-01-01,-0.00310714237466736
veof,2022-02-01,-5.26999700356523e-6
veof,2022-03-01,0.051094395930938674
veof,2022-04-01,0.0334015216304453
veof,2022-05-01,-0.059957359712275116
veof,2022-06-01,-0.04078930148109228
veof,2022-07-01,-0.04684491962167403
veof,2022-08-01,-0.013061300855887747
veof,2022-09-01,0.05157774576463692
veof,2022-10-01,-0.10074837364133393
veof,2022-11-01,-0.10172704087253726
veof,2022-12-01,0.008275751940997056
veof,2023-01-01,-0.001194013047800535
veof,2023-02-01,0.07835985383436461
vesaf,2017-04-01,0
vesaf,2017-05-01,0.009300000000000086
vesaf,2017-06-01,0.029030020806499524
vesaf,2017-07-01,0.05661467359907557
vesaf,2017-08-01,0.009203572079460542
vesaf,2017-09-01,0.012550790067720197
vesaf,2017-10-01,0.008025682182985605
vesaf,2017-11-01,-0.015746638358103304
vesaf,2017-12-01,0.10111450656120802
vesaf,2018-01-01,0.04497592033303399
vesaf,2018-02-01,0.02710513982190288
vesaf,2018-03-01,0.06418739067609702
vesaf,2018-04-01,0.051454298577860325
vesaf,2018-05-01,-0.07204513015700398
vesaf,2018-06-01,-0.01911667765326297
vesaf,2018-07-01,-0.10558542413381122
vesaf,2018-08-01,0.00475872432793456
vesaf,2018-09-01,0.013045284586622241
vesaf,2018-10-01,0.044865485564304475
vesaf,2018-11-01,-0.07088468482612453
vesaf,2018-12-01,0.012588712402838764
vesaf,2019-01-01,-0.04806007509386734
vesaf,2019-02-01,-0.007362608466999765
vesaf,2019-03-01,0.04785871964679922
vesaf,2019-04-01,0.0012640094379370304
vesaf,2019-05-01,-0.006901195085002532
vesaf,2019-06-01,-0.008305084745762747
vesaf,2019-07-01,0.031789437702956835
vesaf,2019-08-01,0.016730163988736058
vesaf,2019-09-01,0.022971652003910048
vesaf,2019-10-01,0.023889154323937012
vesaf,2019-11-01,0.02558718307668384
vesaf,2019-12-01,-0.06036247819822549
vesaf,2020-01-01,-4.632394479864299e-4
vesaf,2020-02-01,-0.04656745195498524
vesaf,2020-03-01,0.006873856227415764
vesaf,2020-04-01,-0.16984477294594968
vesaf,2020-05-01,0.04573527802656052
vesaf,2020-06-01,0.09102860962825887
vesaf,2020-07-01,0.0015406788044332043
vesaf,2020-08-01,-0.02379280443884091
vesaf,2020-09-01,0.10400744032616815
vesaf,2020-10-01,0.07080051532567366
vesaf,2020-11-01,-2.0129025517001686e-4
vesaf,2020-12-01,0.10269637243428131
vesaf,2021-01-01,0.11606122437602084
vesaf,2021-02-01,-0.03557722927450613
vesaf,2021-03-01,0.16972235314835626
vesaf,2021-04-01,0.028082738832244658
vesaf,2021-05-01,0.005570588241627927
vesaf,2021-06-01,0.1414105829323673
vesaf,2021-07-01,0.0783496450357779
vesaf,2021-08-01,-0.02344168331565122
vesaf,2021-09-01,0.0589510781061251
vesaf,2021-10-01,0.03669392898785051
vesaf,2021-11-01,0.06710210692711938
vesaf,2021-12-01,1.0798421605362485e-4
vesaf,2022-01-01,-0.006803031443585406
vesaf,2022-02-01,-0.008221928920641663
vesaf,2022-03-01,0.048913804915232895
vesaf,2022-04-01,0.03883860251680038
vesaf,2022-05-01,-0.05635399742208058
vesaf,2022-06-01,-0.029024724222891818
vesaf,2022-07-01,-0.05835820012733972
vesaf,2022-08-01,-0.016431817911235713
vesaf,2022-09-01,0.05503009853084451
vesaf,2022-10-01,-0.10178391771926287
vesaf,2022-11-01,-0.1128470035227801
vesaf,2022-12-01,-0.018452338987628547
vesaf,2023-01-01,-0.001427923981636714
vesaf,2023-02-01,0.09912505135061633
vndaf,2018-01-01,0
vndaf,2018-02-01,0.04958299999999993
vndaf,2018-03-01,0.04437476597848855
vndaf,2018-04-01,0.026854705252345124
vndaf,2018-05-01,-0.04896254869646732
vndaf,2018-06-01,0.0019710728708444147
vndaf,2018-07-01,-0.13829476791289896
vndaf,2018-08-01,0.03542946295356586
vndaf,2018-09-01,0.00924551073400881
vndaf,2018-10-01,0.03467194283188002
vndaf,2018-11-01,-0.012429190836761306
vndaf,2018-12-01,0.001633364406436133
vndaf,2019-01-01,-0.02521617914240515
vndaf,2019-02-01,0.019359592364091238
vndaf,2019-03-01,0.022898214322073507
vndaf,2019-04-01,0.0011664569963532045
vndaf,2019-05-01,-0.0044943753206007075
vndaf,2019-06-01,-0.021620666205314
vndaf,2019-07-01,0.00754782843005164
vndaf,2019-08-01,0.004367130731289359
vndaf,2019-09-01,0.0030591310978376196
vndaf,2019-10-01,0.012431485051146884
vndaf,2019-11-01,0.011899441229810792
vndaf,2019-12-01,-0.04376371051249717
vndaf,2020-01-01,0.00415808311444632
vndaf,2020-02-01,-0.034843166397150904
vndaf,2020-03-01,-0.006849104702232878
vndaf,2020-04-01,-0.144943609343275
vndaf,2020-05-01,0.018933082571736426
vndaf,2020-06-01,0.09604959577970762
vndaf,2020-07-01,-0.029691405037309826
vndaf,2020-08-01,0.005198586702574559
vndaf,2020-09-01,0.06789274645153975
vndaf,2020-10-01,0.02773224116950157
vndaf,2020-11-01,0.027486748503762426
vndaf,2020-12-01,0.06880261219450534
vndaf,2021-01-01,0.09684102731683963
vndaf,2021-02-01,0.02102237345913438
vndaf,2021-03-01,0.0555093731444567
vndaf,2021-04-01,9.322210971278722e-4
vndaf,2021-05-01,0.07723163388197518
vndaf,2021-06-01,0.06169970455216256
vndaf,2021-07-01,0.03133507526286894
vndaf,2021-08-01,0.023921966360585634
vndaf,2021-09-01,-0.024830912864449828
vndaf,2021-10-01,0.019106252496758458
vndaf,2021-11-01,0.06025169088297844
vndaf,2021-12-01,0.0173293266061032
vndaf,2022-01-01,-0.0017327475646028434
vndaf,2022-02-01,5.143898702471006e-4
vndaf,2022-03-01,0.0133815419043255
vndaf,2022-04-01,0.007655388642403116
vndaf,2022-05-01,-0.04952062786895117
vndaf,2022-06-01,-0.05278585996617002
vndaf,2022-07-01,-0.06922338136347617
vndaf,2022-08-01,0.015342796562818783
vndaf,2022-09-01,0.04630695015186714
vndaf,2022-10-01,-0.06978678934049165
vndaf,2022-11-01,-0.10818768843520021
vndaf,2022-12-01,0.05404286081268883
vndaf,2023-01-01,-0.01377704419637027
vndaf,2023-02-01,0.09774295544839906
